x1,x2,x3,y1,y2
6.837742833621171,6.105251825170088,3.2115411072796416,969.9964224638946,40.74973534171654
3.7839492999962188,9.538082161837556,1.9523195539317917,134.80500257873322,18.49108832383477
0.3363547982718962,2.543065437567784,6.5962933252310805,7.832844612219055,287.91340350735095
5.402157297053044,0.20551825564982695,6.714854496192783,221.94613457246254,303.8526646411413
1.0869582648701892,6.408572051004414,6.279253072603917,43.73509429950455,254.12158496668565
3.406240659819667,3.803952532923004,4.012653440774773,44.59829322780817,69.29156067182738
0.03186228872059771,2.31649154292516,4.199040212841839,6.336976182439021,73.81592778874632
2.7787361535204202,0.01128132008859084,2.8740197981336015,16.84232800242231,24.06951880062772
1.8807678003130168,9.527436315147593,6.771193916417175,96.7729923786179,320.2972859952685
1.5049544844860863,0.30751740799718097,1.330785943260141,5.617804665978836,2.614004647103568
5.398695726984616,5.33213499235088,8.166630746330096,249.57069796832923,551.971853438095
7.105607557491226,8.620382979425381,9.906262825076652,1292.7797894658777,981.8759032286429
8.701038261460619,3.2019656284528097,1.0059719266770928,6020.768421328383,6.721668682177284
2.9845242955901807,3.5214002461487603,1.6326738001844787,32.914633476123655,9.108617500885284
2.635545798172829,2.589631397329314,3.2848040730567805,21.760130899156668,38.794257811171754
5.455294548457981,0.019753085370685097,4.935805773824154,233.66015757739572,121.91709598763983
6.613892927094664,6.354541036854705,4.207460877119988,785.742907846671,82.3435757977864
1.531893797555638,6.269089220725732,8.127580369358821,44.16077052296106,543.3972458956194
8.714988828767977,5.343820637601975,8.233980061760342,6122.69925760833,565.3912164239973
3.5927480124825397,3.2384530965879152,6.9527931166167285,46.36287687446915,339.480111507973
2.541845357229875,7.55901991362887,2.9663717381721755,70.07136178878757,34.23561851988025
9.105556074393672,2.570496899051503,9.422139242534142,9011.137008699001,841.2027204190994
1.2385785950887007,9.065841473992348,6.760887337343892,85.96313930875543,318.20163423709585
0.5030388573883748,1.5667542176049487,7.198769369220011,4.832841713351048,374.64743934084447
0.4942388542676901,7.889071012964077,5.877875447816706,64.36983846255767,210.74799374387777
7.278963326963774,4.687327088429195,4.165976025774131,1472.1341393362923,78.72224564858158
9.707510126548154,1.8369790058696167,8.446025303474972,16444.412700205885,606.1785290839271
8.9662749801399,1.9187940981882101,1.5606822174533008,7837.8118404389015,7.888905500946274
4.451507479653469,0.28698464982580885,8.283632923536357,85.65388576264823,569.4395947178688
2.419056499057902,0.01395697476797797,3.9440876793709223,11.749143592633414,61.65084053297754
8.453122211804317,1.011399228386043,1.7440374854767415,4691.756985195356,8.618461484013508
6.35272271877472,8.50035310234912,9.630070291318301,645.9901972819797,904.1137828746829
7.243691099039555,4.39402702906306,6.801647414644859,1419.9496663537702,320.69783325677747
5.050764098814428,2.037005022115398,7.306277882262908,160.2440212592433,393.66440049204334
5.962256592845048,4.119954348784556,9.552397959411786,405.6692131380243,877.9250803569445
0.6783039341597796,5.0551557720063585,4.266445867023181,28.39972453046251,82.66365365535691
1.9060238609193847,5.205546471495573,6.199010484250595,34.05470792086118,244.10509831774766
6.1519242362099185,2.9318332075236397,3.3421444103859432,478.4876251282812,43.04980344543949
4.624768926478921,5.502306225996847,3.227939379486977,132.84990952369265,40.98752313105061
4.963316864215096,9.82958387760244,0.5597536894941268,240.54662601388426,11.842407629659137
9.673381470057395,8.738037129211913,4.0036317092900084,15965.90162198376,76.08336125458047
8.095250207311233,2.149583900719958,6.11381691406944,3283.5464212838388,232.70152436948567
7.886016711941859,2.9116076646536273,0.9476332790438335,2669.178473414751,6.001747323280647
8.536022142996499,7.305680960371868,5.467327207347936,5147.634058584065,172.69764262516105
2.3315518122920365,7.655839760948035,1.508846118896875,71.25663807548399,11.774602876772061
2.2586131070642446,7.759793167564092,5.90212161826869,70.5543709099906,214.03334999379152
2.992376049764122,4.170814025063826,7.283798490055833,37.21601300530967,391.5093499667662
8.523086355879967,8.318672573417018,7.046446524033499,5098.309732728685,360.19127156919
0.9054556653201085,1.7085772981325165,2.7747460887021544,5.357499646241143,22.41604309527691
0.06544818119232021,9.801845803950966,2.91769929444174,98.2621135650698,31.4733684184263
7.414145614247096,8.942281902630116,6.973624235028905,1739.9497734797428,349.6033493951707
7.350778061586541,3.200596211571025,4.632542213288601,1567.6016061475425,104.37595801398635
8.78397143741685,9.754984357636825,3.221300072917236,6624.520446208028,45.293305228453896
4.107788749690271,4.762506072945532,2.140075604981778,83.68637385112706,16.28526419878609
7.596305904894186,3.000480086117191,8.938451898985695,1999.222109852674,719.229702302167
8.70539967708286,3.1398383741490896,3.961668144250851,6045.591253694508,68.15637451978134
9.40163433627727,7.951997595131922,1.6366366396564391,12172.42314898084,14.909314897852674
5.9185729592049485,5.413829410464094,6.932055249737205,401.44375240580274,340.84051720287925
3.0634228500830805,4.869877513425958,6.9988378728534215,45.387892787842496,348.4860268777812
3.8708772379160283,8.258100039300892,8.766171059194933,116.69015877253872,683.3276280403949
4.831334362487669,9.240197230421419,9.645284078350082,211.3275906558927,908.128681797792
3.613652445706207,7.769060078012023,0.9217176777872826,98.45063810706432,10.514026292290927
0.9729002715180168,8.042559084050636,2.587689440195807,67.44457242946673,25.686184603448016
5.472226165347138,5.3817093919503165,2.913734318635127,267.82058318082414,31.4453142697086
6.899105717752302,5.123774204156939,9.952823174575162,1017.7210758635447,992.6368803271167
0.5549396816664032,3.4244616751994403,2.604205563364328,14.207995644008424,19.964721789144402
1.6725231177713062,9.561138539245405,9.555523695336088,96.56216341623488,882.8269761174007
0.40404085900313524,6.13290576351158,1.6084269611524171,39.869736977223575,9.343822858492112
5.385855939981823,2.3594696417633143,9.462159936717828,225.54161937973018,851.3832606969424
7.803558429954136,5.264689288937575,4.8458571664740715,2476.6680725422325,120.91208523716828
0.20308101639187948,9.062079558562171,2.0380331791857653,83.37997763591466,15.857725705478305
8.296144906440931,1.53220559604194,1.4386376852819516,4011.540160879179,7.963492890024272
2.90567677377523,0.7080504060019999,5.8190233932266135,19.059344283416678,198.85967729123095
6.528559895501573,0.49300660325454326,7.19472710929748,685.6259067284067,375.1054922900508
4.304772826130863,8.76063020033133,8.533448357389302,151.17687161528698,632.2689512080257
1.994907065322249,2.458090895219346,2.790110246456453,12.86315032082679,25.824790412994886
7.21663451324163,0.06146223365585235,5.490499681993059,1361.2783372618019,167.0933545369681
0.7992038492036668,5.135065482267473,9.566947379786923,29.026871107984825,881.151423892384
4.410575405484681,2.1553083649732985,8.471162953781258,86.84113026493662,611.1699963118148
4.550412140036951,0.44261474958076086,9.52317419883036,94.9658385656361,865.154287155836
5.8689256436963175,8.31662868906233,6.166225783761402,423.49094075327093,244.23078980267786
7.305913830534294,8.072521602146981,5.710050177090262,1554.3020450005918,196.18848218374382
6.235183768708909,0.6773607876062759,6.704832877768826,511.16319773783573,303.90209554950786
1.008565624803679,8.696723980639653,2.6964889165456754,79.43239164418085,27.95474392983333
7.7546782006398205,0.24259583359506065,4.355346784967489,2332.9545631656397,85.46260384676856
2.366309189198761,1.625347509697893,8.744493902676385,13.184461333609327,670.7735548261523
3.1767698800146915,3.24408336486516,1.3943958126062572,35.00726584750181,7.601412669820769
1.538558260098768,5.144856320897375,7.106263378640233,31.302862973926388,364.70848660043157
8.3104220448644,9.824251435828453,5.58515627346188,4162.140471933742,187.1739663620112
4.806936442526818,1.556832268146351,7.79197150769578,125.16966120238651,476.7201317572614
2.0225982966636566,6.36453754255661,2.699995099763229,47.883057193859344,26.31022558149566
7.179945392796583,1.7274875183720673,3.793748997782319,1316.7111228208548,57.86799756612848
8.86358538888893,1.992883989370714,2.304957489664564,7074.151618149616,16.560001652459636
9.773515998928211,1.322514397359117,5.154602554121053,17563.92505199447,140.3102856257329
5.399690088913013,7.287087067087016,2.2643314460502175,274.9278210067894,19.818112389200728
2.1240559549667015,1.8302147983263073,5.148532875235819,12.68913672594962,139.0687077006566
5.797200436811101,3.4604509985911127,0.8290743536169887,342.36630197625595,6.497417698013503
1.1954203119859008,1.0853519642842746,2.4154665698128577,5.235578054276857,15.36293092913825
8.129753619065902,0.6126191737281494,9.011313224035762,3394.138579926655,734.2692637903801
9.587523824947176,6.464549671066811,5.266294538507896,14624.309270165313,154.64469024123585
6.472702976217053,2.8074400695340618,6.211368078829046,655.0702181682423,244.05340751577307
5.404945964257105,7.466180210413034,2.00007149404684,278.85657498987047,17.336148051392986
5.045687221377037,9.585230321801635,1.6507741498036066,248.038374261005,15.508838641348438
9.105186831372446,6.583586624545331,3.6579450159590787,9045.818521083758,57.3075500558728
5.335614597307632,6.822921912303927,1.5121714051260537,255.20076414160712,11.813643748498551
2.2104824035248716,4.565580164976115,7.729551573156625,30.682558539226157,467.2600371318358
9.765357423957333,9.132402375266297,3.556345672236044,17503.009185185227,56.2926946665696
6.806712449269395,9.15801045498892,9.84412510839778,988.5039828635045,966.0639561467074
1.2468488995313776,9.333367302263063,9.336260331571072,90.8389216667237,821.8129719518131
3.193849867983003,2.7748184923190857,7.738091960104306,32.1668802275539,467.11163447456136
5.717714111980542,3.6147115527712783,3.5003467758442577,317.6715508832459,47.59356003333258
8.221101036631456,6.9242543378849755,6.6924399433923885,3765.4417256391475,308.6859075237317
5.803005129702835,8.968463796618755,0.7672933355539124,413.6085207340205,11.958981002274843
1.0309892775928564,2.994823999236239,6.282134443895328,11.440863522189085,251.11098849389654
5.782700892928676,2.4159663798354023,8.062601013366596,331.42423151681066,528.1149423359112
8.828129640111218,2.347251767848136,9.81787854773545,6830.002329691086,951.3231628477158
8.628094374874781,3.742676923647238,9.878560034099392,5600.806907952693,969.6701476912095
4.150899223017069,4.926672523018403,0.1400724512885665,94.48564947891431,6.361676730229712
1.624355645426503,8.418719171344444,4.706738384207574,76.20094273222679,113.07577871978172
8.596242673868144,7.624319758484603,9.68349978557568,5468.934537335598,917.7677845523535
7.760163077785631,1.8600044795364234,8.268337402381633,2350.2153947844436,569.0350979610348
9.012072625971213,0.5709888712970912,9.958431136304071,8202.750036570491,990.6122097752846
3.533448307567768,6.183720877557196,0.7114815695679388,74.27392511396057,7.950201272666633
5.199507597596194,7.234745221016395,2.637972049197541,234.69265665755552,27.745818292274308
7.1633365693113955,6.356077564909757,6.633565020295386,1331.8909619268652,300.8092220991254
1.1518859175929763,3.5991676473175547,5.785194792978769,16.37701513034158,197.1789522695144
8.109588987244944,7.1451171881598246,3.4579180757438377,3377.3813350760665,50.56244257626286
7.9709113971493455,5.551298931836986,4.230173037062842,2926.610605823351,82.46656729193592
2.6427027011056814,1.9927950222223045,8.0700121531507,17.89559152936762,527.9530632294467
7.308041453948171,8.937362366263649,1.8670742123385775,1572.2583844769517,17.70343303582342
3.682666394488745,6.974266123074767,4.688219094559479,88.31900636202464,110.98588792802975
3.1885406398655434,0.7446419232043033,5.292234159861019,25.65733255433326,150.15461722149746
3.24983148873066,0.2848101431137584,9.637243460237062,26.598524017959463,897.0066530163839
4.296587682944036,9.913010220487028,9.433260586004685,171.47164032865211,849.7034064878433
3.9984123165537655,9.422058349593184,7.661500222745714,143.02225823377566,460.3422957559701
2.6562123938215922,4.367234113346187,2.95538146067838,34.10817989277966,31.706270248367808
9.235817762347825,1.885956464112749,4.474680474763458,10260.875120164033,94.35055269275284
0.8890296781231222,2.0217185376602798,3.9051443538224015,6.876539069624206,61.34390305888066
6.044802912046831,0.1592848766458843,8.568100096442738,422.9651792622246,631.4377628296935
2.2473877081222016,5.657213675854381,2.84484785730295,41.406870232264126,29.711967248649266
3.2393258000540626,1.4486417940852403,5.224083617124008,28.570453834209598,145.2811311415735
5.861612186069388,0.060270323089147704,8.857159453011015,352.04749372851586,696.5501172302277
6.018042665057487,8.5865759927596,4.221937092473786,484.8574979817056,84.96485441435227
9.520140500583716,5.972913950169627,5.998194556830394,13667.173548210503,224.0521196224251
4.819156811705851,2.149129845280852,4.183340268535387,128.87542985569115,77.58514769228226
4.841161144461649,5.439335662069355,2.761255748034582,156.56854046882302,27.843759155455277
2.6835831583787995,7.034348591526607,7.590703436362585,63.69243666310919,446.70185133970904
2.3324314272166013,2.0992755448616562,9.179930004838873,14.646442064113199,776.3396306107982
5.49338104563441,6.522473702924586,0.0784838948413058,298.05329590948196,8.471085029679776
1.9665989521772387,5.83336285141299,9.065573958936437,41.48190414793882,751.1976301596105
7.983511693911868,7.113206886161134,8.690888497675168,2982.8209486997457,666.5125964182529
2.3153913128423262,9.730775511844032,8.082796455806454,105.14300722192068,538.5566168923548
3.785363271241027,2.801522789871348,3.739151784048823,52.463102729703685,56.530048835517015
5.698840246335718,9.004340564960717,0.45113700011468194,382.1220223438586,10.496597493361561
5.968016730968683,1.2817665642991194,2.1904673339852696,392.77359025473686,13.561178548965815
6.178813570772075,4.232135846125386,5.066964848269143,499.40982797985635,136.89010436471378
9.833819675794704,1.9024262505391198,6.29708683308222,18657.659251849593,253.32172125550795
3.0850741342683765,0.5059303522489345,0.1094168486388769,31.55580299091787,1.5369419985308388
6.948640800786253,3.2496022470721297,0.6659134951081647,1054.897151578485,5.675235815522129
7.161697878748282,8.9875766791276,9.456461885420458,1370.2571408294334,857.1510201721113
0.3018512534597151,3.403638102108247,6.40045904928395,13.345695258640063,264.5266495096684
5.940023608907053,2.6735322593129665,0.9245777926083021,388.6513294544696,6.172815774589706
5.343729794101685,7.305450371786679,3.4995445927801097,262.97003752052075,51.14018506385049
7.581447242606291,7.361515952040514,4.052661386252456,2015.6108837644485,76.3494433226857
9.417392422069783,2.275307253574448,1.1236874520789841,12307.228652719337,4.639460738314695
0.9510426426443497,6.498749847611237,3.3411131301303385,44.6391469789937,43.51113249450741
3.2520279648686468,0.2314722555075166,6.978295860436877,25.753227868644665,340.5277823393919
3.8541333864014216,0.4179034985000818,5.024592403942814,47.79073592476521,129.37535472893163
5.268171087374794,7.889310361724929,4.084761079489332,256.4537060544786,77.26279986531773
0.8673951436010285,1.881912404640238,1.9062849294086581,6.17047341871344,7.852517086070398
4.625521736945929,2.7790565241245044,4.5218322670003355,110.04689878404845,96.01962577472011
1.0016883790867814,3.060496013024807,8.281723889261745,11.61266050165116,571.5015015639219
7.7346347891983,8.125669163807075,7.780938689498008,2352.632237049331,480.94535672983267
9.605082408764185,6.502319262379899,6.347025498208694,14882.979879675418,264.0390412330589
4.293510271784136,8.74513747585911,0.43168036617479477,152.5561140511082,9.934988236979336
2.201300818301637,4.583315759361478,2.2529586651486833,29.84817867943919,16.635392252941816
2.4605181871720094,3.7945948080951144,5.923009269241626,26.277856257667413,211.84811881501
6.7465346711331176,7.361748739457237,4.817970899308097,905.6064663189534,120.43110947034435
5.846639497301084,9.50049647069553,2.6035058023090274,437.0123601586514,28.786783689336087
0.8799627426839107,9.096573639033252,8.110756915835156,84.85500546227294,542.0833468771067
6.442008737408425,8.427322909726145,4.478120308119738,698.1120843813342,100.51227361925194
6.038123877168452,9.009688366959168,5.048586278053062,500.9680447445846,138.3129697600418
9.276527048460657,7.45250979132463,6.302052199001741,10739.854437877073,259.73939931427594
6.749548281851768,2.0157155614817954,8.005065223354034,857.9131818846005,516.3244023849842
8.325389439681137,4.647055834819341,4.966864382386119,4148.7396913401635,128.75207382200685
6.911775856725443,6.267528390553316,2.760470411375059,1043.7791589088192,28.745294365861273
4.834267126442505,1.169584859419569,3.978663740011158,126.90660450966192,66.02181486974202
8.080532118578642,5.645763080564165,5.903857327382486,3263.140063089105,214.90190049617655
1.1103287174204046,2.670875126411425,3.657658804495778,9.934045436593152,51.22258427970813
5.784645858210392,4.629377499505792,4.657289396408833,346.89605551185247,107.7954353180072
1.0891212606584921,8.703982877513523,5.106581984782965,79.17032212022941,142.27178209596394
1.495140012380477,2.3695127098575908,0.5301275237994518,11.34787130525851,2.579431581889696
1.3461458390958736,5.017482309294041,5.325603880744298,29.641789247624104,155.98148881639142
8.195973487776255,8.401496043894225,9.89498244228465,3697.007321473549,979.4534861535375
0.8246382148228149,5.236106184496786,6.932481747825097,28.816256284206865,337.7310171259939
3.407150017278764,3.812948756108735,1.444273084771932,44.92536826476289,8.037111676088992
4.612149641358476,6.154515288583812,6.264924282365195,137.58929409383293,252.81284488717085
4.256964257324959,9.07397335907654,2.8276720718942028,153.00317925603082,32.84684075248905
3.7361955305424233,8.366050162442399,0.3214882116266349,114.22066554900668,8.820186212358267
5.917072384902664,9.498897544532138,1.4967390403393699,462.21142385248606,14.799668386108843
2.8117471082307177,8.678516757021178,4.222484520565754,92.1895783772381,84.97590154633008
2.70732125754352,3.76967137700127,6.314175390596228,30.040701578758135,256.3841162432197
1.0751057213332205,0.5454601357333189,9.50422375662357,3.716744586974812,859.5798755840053
1.260959053132641,0.43583477461841547,3.3412532997723163,4.45882879675922,37.4013486196728
5.944080485337558,4.536568238900261,4.010855795160627,402.8031282587852,70.7632455413946
1.0631537953316017,0.9015337599057394,7.45785132414246,4.571307701665448,416.80611793728605
7.000823156946875,2.9240465910268263,4.749071916323038,1106.70062555711,111.97669161520365
0.5481683680249627,5.509781813693913,6.574619692062296,31.27664965499749,288.9634161774651
0.8979657628616577,9.941255872755358,9.532722548048561,101.43970086127442,875.7177238088345
5.01006482258095,3.225744152079969,8.058424721114779,160.09033472979385,528.6287473312576
5.8164224450089534,1.2598445703440508,7.9518371255189235,338.12269711831493,506.54468990632193
2.8046824007801883,9.517417506908926,0.9407335384122884,108.10791473157352,11.938406223574487
4.001019136033181,0.8415046519873826,9.76209904804372,54.84827798528505,933.1917183913481
3.691428719420926,6.167377630726296,8.885947069210959,77.68479407215818,709.1128593732743
2.916238689380728,3.7592252414526808,7.580620221231586,32.701834797046914,441.4575565219718
9.000016017900515,8.70981003417725,2.681424850044639,8179.162921219401,30.098964363818634
9.745502759373498,2.5527785425973306,9.259373730364743,17083.207075015045,798.7537111650546
6.407343452898693,5.199164340446952,9.185778987431325,633.1310159813919,782.7260102087544
9.314706180601288,0.09258720670347609,2.6851076751028344,11100.430373063282,21.47282132267789
3.3336185427387854,4.444023912787537,7.697365265822123,48.36235679351764,461.79405363799117
7.142599019169108,4.732962997937587,1.6605012420444065,1287.818643809267,11.491100454242883
0.556217907614196,6.539222159059429,7.661950641743333,45.73673668370688,455.3817023156798
2.3573450124564124,7.662180436903332,7.587732929297032,69.47397787294415,445.4110332359289
0.05904730054805185,0.1329518593672585,5.675008608337847,0.8693559823807968,179.18260774484114
1.3197352437310428,4.395559431060708,0.5932247462805751,25.282584838256312,4.5027091510421196
4.730343875951821,7.077693762750373,3.041856789629389,163.62696037814646,36.04810407229441
2.887058725075413,4.477333095233433,4.822026936350755,38.96364778428622,118.00610263479261
1.0774439083675658,8.481502603229325,2.348349231593856,75.15586476835523,21.786487581508904
6.6061259128638845,5.574195527302712,7.544706225465577,770.7817428393562,436.863124672347
2.8049720204988358,7.438522202457856,4.335862868657269,72.36771845379823,89.55897730155176
3.5479580971488947,6.218189517542814,6.126966146810454,73.48013108566656,238.5097496961139
3.273536594996722,4.657068433672185,7.674971767389974,48.50377365099247,458.36912061687474
2.4050934005278157,7.293973996915115,3.466536139533715,65.19092890786791,49.998831992836074
9.854721471401906,7.497596547338424,3.582033333493576,19105.12179460539,56.000650628088636
6.2774342462684345,5.807949136875921,1.2305905591955024,567.0059942806284,8.698773778746272
1.7352958298043952,6.749411459628403,7.066406646932686,51.74155766293695,360.0575923149742
6.588571024175969,6.875000694887673,6.897103161286726,774.591718953302,336.89830949250023
6.751505345404548,8.158061549568293,0.897351381685837,922.8016962285865,10.55348477071706
0.617939675232011,4.5835377490649645,6.285364929707483,23.092291721885925,251.60760273607707
0.5610409166107722,0.5279979379408806,1.3235858092800934,3.302027327465619,1.7079802710529115
9.696740112967275,7.2695971539851465,3.697153161603209,16316.437847484027,60.40096666868832
8.954300574586844,3.8145652933675303,8.456000330256856,7755.135120747253,610.7123692222564
3.512585918198985,6.968911492670674,8.928839636333992,82.17160661516462,718.6814012873612
7.490731851987448,0.4904664356904209,5.586969483605167,1791.9032441966335,176.80394574601254
4.389776522657728,3.9626477050343323,1.8320177907806723,96.50380490135066,10.891725286468223
0.8211271878617432,7.575142358888711,3.492166577021699,60.67566749412977,49.80932812328527
6.549492996411038,2.777066863916262,2.6158515879484434,707.4315712756492,22.24006562254284
9.811042444288494,6.587979023328701,2.1063320620745274,18276.79190417949,17.79493216207399
4.1468352871117995,3.1289061287780884,1.5656041101544038,73.2246796994698,8.472590249338879
5.007575465609153,0.16325225864192938,0.19023725972677874,155.93379848953916,1.3735190314982781
9.86532367437469,0.06687066184376422,9.405644275557599,19251.490134278927,834.4701735720352
4.363929072198864,8.955630690471132,1.0630996990456776,159.01877019675436,11.930158652987489
1.5282945410888193,5.819835859126385,8.512601929483091,38.16329593118179,623.2458407595091
1.7962536993633782,0.35214137812563884,6.470065604669433,6.128863976785555,272.4662478957906
1.1640867420777423,2.4030553644320274,4.6050414957724985,10.19377002737348,100.03118221878607
9.145297565742494,8.641516490504795,1.510204534356333,9445.631184062891,14.971098750862557
6.42066541364346,4.823569439498691,2.0526732742122267,637.6440504964905,16.06463921348039
4.285236898819766,8.5776592494561,3.383262373005922,145.9497782137908,48.409278620119665
3.646070069985252,9.259551890517573,7.834436713605859,124.55167964696615,490.51914010582914
5.485557090855676,0.836241288169659,2.493032283015648,241.73802297106565,18.36123063966604
4.450482418038569,9.90109822075208,3.1613120379851276,183.38061852246466,43.72309675613091
9.13768327545152,7.1059896308477075,0.45590424832514076,9351.302968055279,9.207337642441955
3.972351258134541,4.79059965836777,3.2493054357173135,76.78037519616643,40.840645036815175
9.99140701781154,6.697739886899024,2.711005801071246,21883.23712175608,28.773460219549875
8.55739563669708,3.80143624869546,8.06462248815126,5219.0665133298135,531.2855247023592
4.650095497075968,7.273373199044143,9.877390022735149,158.21541625146395,972.8508075254471
1.0928985995304819,0.20939710275330814,1.7264030814936981,3.3489418997536684,5.5341639406736745
9.49702207067797,9.057014566844618,2.2700307722712965,13402.902663626794,22.092492488270313
4.434691339011254,0.05629382803002736,4.529926301044677,84.07035530973354,94.30275953298433
5.376151063408273,3.003268633572662,1.6283317907083406,225.0636712783619,8.266481317616433
3.9996201114621988,4.487541383881255,8.439251010589375,75.05600866545512,606.8191360580566
4.162555776704746,0.17736948820092913,9.096953129723632,64.24574894804798,754.7897728639994
3.63353742977494,4.364130446490606,3.3028204778213297,56.473398074247285,41.364378459310764
6.317987701605029,4.592519994302792,1.9096484438566852,575.6707516640623,13.361436833151677
5.389974698393339,6.2584802061497555,5.912845726156189,258.51014081870875,214.0045061338324
0.0036171361040382433,8.142087227360207,3.2112358788880435,67.34385890775557,35.597492925143364
2.443771449065145,7.134651218952127,2.9627852990747328,63.13245900514792,34.206905695741156
4.24635579013804,1.969876187265277,5.105455738723089,73.98071515586308,136.8847462968745
2.3647217561684206,4.98787592411443,1.8380912031557528,35.69771732582261,12.793277014912425
1.9208423369433214,9.450003680539297,0.06141941787111915,112.86671114270862,9.829118244643922
4.337670656302224,1.9162383567709662,2.9729967136166016,80.60469939867122,29.354715944858576
1.5237837804375853,0.5855017887925917,2.8736432243449106,5.250867610849619,24.980240722297637
1.0313981830802832,0.6780328121778889,9.159963936339983,3.5578379498265145,770.1322147941427
9.350178601072571,2.658411424911403,6.188819796942448,11508.378969262572,242.1456901048647
7.484100211383922,8.772341925842897,2.5281269835241615,1856.2972904248732,27.324479937725705
1.1788760921611685,9.326539793447493,8.079948018062828,90.62491486920892,536.8765029712366
6.075851923488739,3.4580271452043885,1.6793093608674114,447.0266136763176,9.336630752587642
5.769958745057143,6.422308817519475,9.244758737508622,362.15530829865196,798.3807830356702
0.43606364019162847,5.971884961565129,1.7512344928331802,37.09214625908078,10.006571779816822
4.516688884493032,5.634436831692503,0.1891740503429229,128.30408325496722,7.219656288321741
2.896840761428028,8.717431605652859,9.986150100809269,92.92783159101991,1006.5292147053723
6.17636782073815,6.542389340911777,0.1842752274658399,529.2913301237965,8.020430730503751
0.12326604184126011,6.9447941902176344,4.152371438016412,48.70934713540959,75.4739387504906
3.828923383916055,4.019739427722539,9.590809737264452,63.16548184992176,887.7983866232802
6.200422380917043,9.817985227560074,5.551151244995163,588.639451776265,183.05923657339125
9.090317461256697,1.9213782267121882,7.514263454034359,8873.212228853763,428.3051487213887
1.726461780975972,9.232838151979404,8.544492443994478,90.67436910153717,633.7978005318473
2.2235351186720442,9.227145372794412,6.046075134603351,94.65316696224279,231.02638001520714
7.631724306579707,5.874599778259576,2.377688961464395,2097.6303328673966,21.32488185815359
6.2660096966343914,3.354622064460017,4.985817451919054,537.1526875257724,128.9091879715093
3.8172529960799393,9.649329577483858,1.7173734052966694,139.15013232227088,16.045671847308327
3.749528320341536,0.12032195842292204,6.25712733142047,42.59344459699124,245.9976723337855
2.613878158981003,8.342685804219851,1.7332758968996054,83.43603333194936,14.451332531896053
7.505767895525921,4.757575970855043,1.6016888638977467,1841.7680187797534,10.122780129821543
9.143693408109229,5.3919517570904425,7.073404373039814,9384.901530776284,361.36200634112157
5.38734538731137,2.561342081111837,3.532044036770717,225.84896370641258,47.58254183741105
5.278751578817639,2.576523345703998,4.3806147760862295,203.5490348941519,87.58174736810463
8.313331775216943,1.1832856601747521,5.468631431378832,4079.5317842352865,167.53635858668278
3.7695090560393076,6.258211433262749,7.0423396585551075,82.14377098025531,356.5983727018772
5.0843372352269345,4.457466428092879,7.978865260365762,181.36432119777515,514.3556961726474
9.7337329733,9.24118322569354,3.4747072459673243,16963.349302021066,53.27653497827585
2.8367687052491295,3.088670027620688,2.1374815341232587,27.47957349313636,14.253491629127902
6.127205731566772,6.3151805105192205,8.755919021190982,498.4559448598606,678.8487325736434
5.642062414644526,4.905565994515935,2.011326869325675,306.58738069481075,14.238355680803215
2.486834008411687,1.6540143796078965,9.115768123874217,15.230253314915485,759.883494285573
8.97035429925924,4.728110676882229,7.294027988612184,7889.795398509416,394.6003563473787
1.0114237632894985,1.568251236093352,7.301863724710012,5.417188955693622,390.3886342051817
0.34138676816565017,0.871005043301466,0.6185802421613162,3.788152700421972,0.39584275469741015
0.04685437075891086,8.656626006888144,6.225405037321473,76.86004489670239,247.8194005435295
3.783437896259473,5.958843660967994,7.908872264193621,79.03632915599485,501.9012113131844
2.5108707824101106,9.668726168303051,1.6144291142450806,106.98766375503736,14.566274323173731
0.7812090662624693,4.991525503952932,7.123932945348796,27.76523091645796,365.383792517798
5.450430003616812,7.794445345093889,1.5997321512739837,294.32010671041274,13.777626688269454
9.379189200960651,9.684260417948927,3.962281547052945,11933.046218593765,74.40693654164676
0.6384184633852674,3.2617603943001496,6.874016409142529,13.064716442795135,327.17098999981044
6.227473605460054,8.397594003102565,3.396496795916162,576.860689636063,49.15479633394348
8.43485356912825,0.24846276442893167,5.606758160890454,4604.995960689094,178.62557605612196
1.10784960711942,7.229266971677539,7.012544231714543,55.464099911857545,352.4339457365949
9.079871829091115,4.34684074661252,2.340170377146852,8796.562898696626,19.083238825448092
5.6100489565558265,6.390169811122463,4.232878965511951,314.8628999529494,83.2971123204439
1.8087494390530823,7.46366089176587,8.523744804885501,61.821994568108664,627.797753555802
2.1408415908220335,9.532118136514379,8.613381551072688,99.9744772979347,648.0155818860303
3.365436190819114,5.186872218678889,3.585089466069873,55.97101909196677,52.07080938148682
4.477668288361308,3.5912128463814055,8.521503118738597,100.68589063289106,623.662815376178
9.07446095071775,2.661426923093858,4.666666068304144,8736.584654194408,107.38852190726789
4.4885771700825625,3.49960120179417,2.236695328838173,102.68626944776426,15.753386577866832
7.243830446500662,2.8210202234820025,5.761250497390689,1406.8699061465504,195.22098204987475
0.05128216422363718,7.293025430773308,8.374198981786469,54.77929778728514,590.6329669418817
6.13886608504742,3.907699162921526,1.2833240619630104,480.68733741572925,6.807153387318436
3.0978740587394924,2.9635014763707037,0.437189378104037,33.5001273393134,3.953830458758511
8.372002872573637,0.49387594093530773,1.2137161554006703,4325.0779608273,4.079529970654121
4.21369038166941,4.8779084899717065,8.631752214008714,91.47014556635173,650.9571709727337
5.246443917458274,5.0639929769444025,7.428379392153187,215.83546359540975,416.1148310133889
8.418433471948145,0.9062821037467883,7.75064827681064,4531.295752916963,468.1554253780941
2.9878999328765254,0.44779740793110534,2.383054378370093,20.830484012820587,14.92229314800184
9.004739064548506,6.20338545296645,8.757817857866122,8179.635629662094,680.0218935167774
8.16732420495695,9.354285427569383,4.4992930107641484,3613.0167835634693,102.35732947823341
5.484162872381955,8.457764304544838,1.64011664642985,313.15104065553714,14.399797114409116
4.857788849794504,8.898158160911521,1.414744235311347,208.50569766814107,13.212108024380743
7.5031070597149,2.4903384292231836,9.299256018769903,1820.908678847511,808.795441974002
7.849974886667637,1.6760886205686454,2.3801563469437017,2568.450420957048,17.42586777036737
6.930702774170915,2.6403011662418177,0.5003015259592936,1031.2641874550645,5.183652321509201
6.805547728572332,7.440143544691548,7.283492826659409,958.0100714694688,395.04144696301984
4.455798730874294,9.802825706741173,9.141288883320666,181.9604567371399,774.9197308728404
3.6821944869041134,4.735671633564486,4.977181214456595,62.5896115631227,129.6724692027172
2.069594169937332,2.7025767273169765,8.26068879086497,14.588387675246492,567.8651793576204
3.2196228968212424,5.25135924973208,6.348170424697219,52.464581893418256,261.8831259249891
9.383952572092465,1.515598418761247,6.020657534212627,11898.182014744827,222.4563575254204
0.1805881390566888,5.549284771901113,6.602929566322919,32.772991526095815,292.437853714098
3.628017037586403,9.510702584864156,6.2616028966959645,129.14975415133458,257.1042153167616
3.4180219892660366,0.45335596024042024,4.069610201428361,30.401944006217413,68.44549582066996
7.981556846578175,6.458299857198897,1.874163298238426,2968.758477407267,15.668288029526801
7.310340995369802,4.644135442299747,6.6280714693347935,1517.5808834622173,298.2242710931995
7.344741638641203,3.1698597090284233,8.338715450293645,1558.921788906573,585.4942331931904
6.090664508649603,0.9606343269924467,4.333777684077342,442.7028634134646,84.37331007942235
7.566349603177366,6.316644649327085,1.3835161807837537,1973.142464556262,10.696767639865826
5.635600667459617,1.6660940143216163,1.6854277907542348,283.7429358290153,7.637055048893865
7.754934855535377,9.361748621427875,2.8048535804103447,2421.3429468256813,33.47992533624888
1.716969257373352,6.968693888403746,0.08547277570699952,65.88200973375137,7.181050320834264
7.65943349779265,0.07843472070876989,2.1695368061180655,2120.757496448836,11.878564904367838
1.1349317249170587,4.6423938890023395,9.447206497029939,24.835585258506796,847.5756631832678
6.287293318117167,6.494119446484177,4.475100255299833,580.0387098191055,97.46708940058447
8.381467313389816,5.300624131419945,6.862501667481014,4393.658001407064,330.78275120556333
5.634541830593229,0.3463572268072679,8.343940945456607,280.9624839710114,582.5665607780137
8.173375123163108,5.3067183044027155,2.715200203191234,3573.8650710366214,27.797129543239297
1.6215125468215519,2.2475541042966385,7.782081115905505,9.893859288062096,474.06042246270283
9.349794617614354,7.2643441094976335,8.28864648416816,11549.133851646671,578.4534583515897
2.942078743302292,6.857752655751409,0.2740989280580808,70.55382052828821,6.8627007240454345
5.849544736249955,7.914294795706378,1.729020359655572,409.67672833651415,14.798829152540272
3.7863741554735366,9.355395600839804,4.885771405702962,132.1809779174611,127.26511874639317
2.96161114957328,8.097287612581534,5.40022659424819,84.96690680686945,167.08584025103104
1.0063056339943477,3.554220698235677,5.5033697277110605,14.945435224612119,170.24352336772208
4.3109246585120395,1.4842324287984376,1.991076351836617,77.19436197337014,11.18336862589286
0.19885360268325436,0.40803493358233744,0.30064733242896713,5.279280117413569,-0.9748249821771235
3.387359031160818,5.935969987868002,1.5650291037059738,66.39760663535627,11.860540857339307
6.634374540479346,0.8130206986995914,6.324914176733261,761.6231070725769,255.76008192956493
0.4734999779957427,7.287300572655217,2.082369723856524,55.46586566551993,15.413746761599196
0.451026424762796,8.55090829165306,0.7582795043820434,75.97723452875621,9.247663646221355
4.664540626808115,9.477744386811649,8.972788713940274,195.71723185029094,733.9022733044626
5.930106440827895,6.426554341319134,0.08972394093798353,429.5195072377755,8.272900525968879
3.6399785461282597,0.6276360702915162,7.729333966692731,38.32872944989604,463.4520525274767
2.3827456026865033,0.1464380737346438,3.9862083678885596,10.813603983424585,64.79842602722206
4.070451023445743,9.157855243680991,4.549631990107537,142.70416665907283,104.53989871239446
1.2407633861135525,5.406597334911173,6.424470579802755,32.466345491140174,270.64894600941363
4.746385630582255,1.3146906326509311,4.493876118901352,116.83083090297683,93.00244860052622
5.436366171875555,9.079300255707667,0.6562893587053575,313.0524401730173,11.165529027627471
2.8177067618230556,4.769411862591952,5.998599582989456,39.72863773366323,221.67188236900864
5.596456394985338,8.596325527065215,5.905906158428751,344.1290438565179,216.33135926052893
2.051797988065248,1.0664621373304506,1.1986322205399336,9.576770257900922,4.156915048166622
7.0169639974873546,9.075509581117068,4.877173859059429,1198.3443498290328,126.949413216074
9.307852974229633,7.862471777119172,8.719996188395584,11086.335687951854,673.3844679859382
6.8282177420141155,6.559654041657046,6.5532149501801795,967.0841615919353,290.7742592524075
2.2250275328832094,0.6913024050792249,0.4966578703265023,12.285458062419169,1.4206562983999316
3.315204081895593,8.868579226865643,5.941368103026486,106.65958771913759,220.38170866676703
0.14724785998770806,2.956702319686886,7.961978629973476,9.238977448431944,505.39356472910686
8.467614030377625,4.694552502357338,0.46352005847398736,4783.156211599618,8.398843253681449
4.883108212368015,4.866740512595122,5.5915803995582465,155.8481777617884,181.94727834422218
9.95949537694423,3.527785957663255,4.243843149933593,21164.584571567124,83.15793621184123
2.1784972236685785,4.514024304457455,5.994692605883084,28.915154500042203,221.20085520990804
9.925685068373614,5.806346419421469,9.882555216172689,20483.173027960398,973.1040813338341
3.971551817334676,1.3209529105907336,7.848881445133137,54.93281514159778,485.33521785599913
4.944116361532156,5.3783725263621465,4.558074092494295,169.7812634133843,101.71583894280792
9.318737846392887,3.7398515212158956,2.361239430971862,11159.794003086417,19.480025562834676
8.59127564593781,2.294901093604349,0.9245228826670315,5390.706576604378,5.720143502523302
3.096790394987191,1.031169965217259,7.014517950114221,23.389396536257564,346.8148763403588
8.679483986489341,4.414752342153322,7.738194080458637,5900.223335696659,471.26079521668265
8.033140662827856,6.803481142741443,2.1564598441463656,3128.259099058592,19.821564769989184
1.7190578336049667,8.165181242465424,3.122182314249682,72.74545164276583,39.28267526828953
2.656991630446799,5.724759411328351,8.413026259917626,47.027284255000595,601.9830613103674
6.397881405903869,4.776525248321521,2.5676191222444666,624.3095478642227,24.823951354071806
5.15311522672167,1.510331099731349,8.72752440892281,175.87455385077152,668.6579796942018
8.765092262064197,1.7091720136711153,4.195165696038165,6410.208974952776,77.20441612218853
2.1935739875759,6.0297139027095685,0.7447735784617093,46.726519593380516,6.303758546448924
9.768823645650329,8.86900537661633,4.999091187296153,17558.710862684915,137.17349264384833
0.769477219254886,6.666574388101356,3.6752295430840998,47.3285245080408,55.507173113886836
0.5845264516300996,3.6357116554265945,9.34432207194537,14.695880016109239,819.2523708048218
9.035318083686494,2.11139762776847,8.554347364702716,8399.251112144759,630.0500459957638
9.594701426913696,8.454007289819408,1.975825378041467,14758.58531345563,18.156355962952308
1.267651984379553,6.001773678221825,6.593910188843023,39.36892991986773,292.41576043450556
2.554596572378852,3.8114666036681744,7.4560853829366245,28.255143771039883,419.3277456546695
7.064267404095116,8.48619508873863,5.720074541619287,1240.8203943248664,198.32086864642827
7.53960888775349,1.3719479033067195,9.45046169994904,1882.6837603734857,847.5620807488774
9.590799861678917,3.720056890587824,9.323283452402446,14643.707674209782,816.5995263200177
5.087259734792307,7.683590212831674,6.8990030410287115,220.7924993439048,338.63424515156885
2.0683892765934173,2.36404997300796,5.937686835556626,13.775858571739686,212.8321665002917
9.431529656928122,0.26307577887241473,4.619373645734342,12476.17244002014,101.42084951141373
0.19766762065844712,7.8241980020151525,3.636785850033327,62.051325780959786,54.055468634162935
5.3403057471915165,5.0368615811161686,1.3638585126168168,234.89234151478902,9.609310466071905
6.6607869121619725,3.8884610727083393,5.369006557912895,796.1460031851063,159.9374506089525
4.290567912715444,5.853963610292388,3.100137852643061,107.12566294617307,36.50811025422757
0.7557027848817721,4.20074236968584,8.483182704646854,19.780202607102805,615.0999011546257
6.8394103415559515,4.0114100620601185,5.109560584711507,950.6603569610339,139.8818125113582
2.6112793776488283,2.0485561680425968,1.4811464625847304,19.077822508723575,6.89496209786867
0.13131822827416983,2.271302448558573,9.75716720315463,7.108645922054964,929.6996669968768
3.056048358929271,3.151166100390702,5.445543545514237,31.365135434320983,165.86345030517091
3.7992624345154025,8.818095272867353,3.8848943095402855,122.67924111852622,69.16305949021614
7.482199402359003,1.873919936840438,6.3978745292875345,1779.6422628554792,265.44801161356355
4.1744313820413534,1.4212717396816,3.774346619056642,67.51139509746248,56.499257602711516
9.071130082654944,4.432606896673258,3.4851600999305052,8720.340357336487,49.61737565920755
4.32478993536451,7.206016106107372,5.2168645867483345,127.97556464353322,149.91406898826767
1.2963916479018633,5.895067185550151,8.349205092850008,37.75538189280864,589.1902428606803
2.8503812210181643,9.13303397464978,9.67365678570422,101.28207354729304,914.7912655294267
8.957440469416019,0.7943957306620775,6.4583315900124365,7765.171427167418,271.92999129647876
5.804212826653911,6.692199295893937,9.64751620165059,376.93699884303055,905.3200440791521
8.837250813510263,2.6845371346642843,4.318095271197575,6893.138175531934,85.83068760214722
1.52738513066756,4.140222767687193,6.980864962284491,21.540888087551547,344.96946731708175
8.693662879488453,0.6648972763516692,9.160079291915507,5965.451159025856,771.9757620966852
5.722888030764045,0.7740363862229038,1.4631568593481525,307.28413744353657,5.550339109414965
8.58609410817563,7.224518507585495,8.643124431262232,5409.407158218886,655.6224116388539
3.8575426767800645,1.8677214705006662,1.326738481745432,52.006835920013444,4.954405488679939
8.394363052216573,7.15967657210249,8.795875290999135,4474.109012526736,689.2771305618552
1.691719846002132,0.700381259972509,9.540178909968338,6.077520631220306,869.2569037931952
5.6860477372872245,8.348964587109167,8.920836449919694,364.99405442977815,720.3613389611879
9.043160152454908,9.1618301803854,3.6603498106737984,8545.40982838811,60.85819926300694
6.6681264429320395,8.041257098779424,2.6220187990164225,850.9565424974984,28.074544848353323
8.145814317122056,5.705701606857652,9.122709721841272,3481.705296029235,767.4952465664899
2.367931379647538,9.540910516302715,1.7303888162040326,102.1824239582098,16.735557514915833
4.018988841309642,2.6405931375185796,3.111161439053655,62.472850240731546,33.556356191284834
9.467074447615417,6.60708948582424,6.899081267444515,12970.30634626187,337.4968511742092
0.1632039063512214,9.62312053463113,7.670892494938747,94.50022248858487,459.6360486243491
0.8552343423071995,8.092008570587186,2.541074950489791,67.97803532917642,24.406827875823694
8.34657568583228,5.99453031906113,4.948529584965131,4252.075735892072,128.63825694859236
1.9044442757145996,2.0951558899540954,9.619280825029396,11.452533970011066,892.7710369412578
1.607459681740433,9.182370014285425,6.875679549918342,89.64163660920252,334.29617063314146
1.2555623531485294,0.7642648416121967,8.666307801202517,4.758315565654449,650.8904114797759
5.839223603144077,7.135923867351154,4.727540050654413,394.9962890682972,113.83300812018334
1.5193458704390728,8.279232103247649,0.42375092911890233,75.67547633310183,8.776463819888987
7.7219533116593855,8.921155406963527,5.4881074274624275,2337.1856990866822,176.90261559705698
0.43834180415854185,5.7684055648474155,4.020295834163784,35.48389993320369,69.69892314545343
2.6776755844392475,1.8412560622769947,9.458412825809019,18.31416382005484,848.746857019655
6.022907293489633,5.53637297661229,9.451866385039882,444.1305158504703,850.8128726952941
5.57794945867343,6.998794590364734,8.557773637519071,313.4537573719639,635.7020827574034
8.801752177090817,4.858708259506322,9.778927048716906,6669.358919699256,942.4390025099152
9.13548212190128,3.7137043200761175,3.837284814247627,9292.333732075609,62.82033884511523
6.871196236357807,7.468257636379686,7.135045656990865,1020.0959291684608,372.90827141791436
7.47108125053648,7.212735860585684,2.877236410446634,1808.5530529874036,32.8693015656086
0.21239256527117223,1.5539580385852436,6.0836838400419015,4.742740734408088,225.5179154562959
6.138822852107129,1.7450597422129177,3.3455319834327337,467.40178606895665,40.24432397404506
0.7756655450566652,3.6522793869970274,0.6006488904059704,16.63826062756408,3.6856577340914427
7.558270995937595,3.499825947511045,4.935497562747685,1928.6234917863917,126.30780613562759
4.2494109069105725,5.524738474097627,0.866162206529526,101.27992421533935,7.392725943101181
2.3381662330227604,1.8110104882467504,2.6388605452845812,14.399668407053182,20.110569538058705
9.092563916620112,3.344335901578024,3.1201607641723617,8900.580049548209,35.5798454281385
8.735452814116035,6.727603300343354,5.626405615799808,6265.11016496635,187.80387067224484
2.6665767842433787,1.6299599516543495,3.6631317692154153,16.8895521135924,51.78974339360897
7.166944314072591,2.630706067063242,0.05891421265811769,1320.1454048765263,5.034205132691509
9.088734625926161,0.7288803030096669,6.504737440089352,8855.056279009737,277.94669579734216
9.870306046527412,1.3731112335138462,5.5914223867509225,19349.53120938359,177.91622093913824
9.172487578368148,3.473860379877005,6.01619903081812,9640.59194988163,222.72968335880907
5.6201426168580735,3.984492785383095,9.647864753097378,291.9317205133622,903.5809762318364
3.569191681196785,9.916888233334301,8.747925084028862,133.93393919710732,680.486601196095
0.17875149542585955,0.6888306834915114,7.14296422816237,2.0451479688391254,363.60007311157085
9.169533640984511,2.84603285387465,1.7440549412588635,9607.928450062143,10.631878068691686
4.404811780987824,3.6861312009157254,2.4656721081376496,95.37625519111067,19.5901046327017
4.161531407053855,7.017091721864136,3.824097402092611,112.96596066058798,65.08560082068611
3.405271039142723,9.808395352263059,0.6422510947331384,128.26816675367064,11.959446901608954
7.606057892372679,5.96978891430338,3.478491384094723,2046.9025069046704,50.43375589182935
3.6896767760868308,1.9445222717272281,1.154018153677977,44.411471761345844,4.64909187839984
3.758731966125234,8.901155529763304,9.861091723800659,122.2006329158903,968.6537120815478
5.475867624224727,5.15290990489482,6.151596789523419,265.14098128560346,238.39740993081918
3.8175911510271323,3.6324270158245198,6.20575096107319,59.20305820378446,243.61372903263046
1.2550718997709498,3.8490680297026545,3.150754737061443,19.423124246996508,36.36857805022107
8.084111497064493,2.574210360957757,8.297271682598023,3249.63060214464,576.1655716136144
8.591102237509006,5.455308356273156,2.8453210135293174,5413.378749619021,30.25556757120886
8.303443508371696,9.102210254967781,2.4055175830846087,4120.686013770338,24.612470902951536
4.73202269892187,1.8536249321146891,7.032789466156676,117.32874831939411,351.5726478795166
6.7567897317766965,3.123689207642768,6.958942056221367,869.8658357014824,342.85225825222767
1.554572641708134,6.822802754243803,0.5922841791487465,52.7650555099916,6.948844791063999
9.050744134953566,8.04045824544409,8.320305090453203,8590.880494339228,585.7707439602073
9.73116987488443,4.289257924658849,3.2451790931254667,16853.060402388655,40.50919036701911
3.278558868356493,8.2553505522339,7.915300953997672,93.57393408865978,504.91099365731105
3.094672451807552,5.164231752358709,7.2177935404427975,48.80817915782542,382.411121420962
6.316307643710194,3.816415018783382,8.627671944147746,567.5023601253711,647.5697394817287
5.026910023288082,1.293617063144905,0.3109883169723593,156.71007823152172,2.668446403568869
5.565214949928191,5.940614575243073,2.8549658175451507,297.33239269902737,31.20180341465406
2.0781989875756635,3.740569717610822,3.770656447922427,22.77679313599704,57.73090906371595
2.410688349511163,4.344126969664167,5.530136468615908,30.32192367310795,174.46911370179484
4.80021755348636,8.259490377324092,1.6373678474628395,190.86799098477394,14.641258085683637
1.5847406887339843,6.673412763721828,0.2841719252178543,52.54613371243698,7.903431686743636
0.7419406259536709,4.618978243062505,3.630752904409875,23.516120989917173,52.28272319109411
9.37078673038208,5.185178483155499,7.030603282721627,11767.032236447076,356.21392947405803
7.406882929452243,3.0526392013336725,5.987534774132684,1656.184148688801,220.41076016958124
7.270200682629396,6.678009191974042,4.228040098869041,1482.1591304126655,83.91218689940018
6.5586726363819,8.967532008229819,8.235678778266132,786.0939541775847,569.6147308357574
3.5662130880181033,9.094339214456742,7.511811399686569,118.15638080308248,434.9232673289953
9.004736041327623,1.589430174923011,2.8812941536924006,8144.413738515159,27.5060749502033
3.7684269143591287,2.823079062551652,1.5659121970326628,51.83352853021596,9.08593367806037
1.5650873459133274,2.126618083272651,9.409435731082533,9.427426207041787,835.316207066948
5.253173208384712,3.582363142590851,6.911723864581787,204.66546080456624,335.51898716245984
1.6291067330007813,0.22845116978759128,6.223403752121239,4.5518727185568615,242.94185748782849
9.95598680892141,6.839159671271374,4.455111304496825,21124.558587275584,97.58405438121612
5.027156626802993,5.079880190128615,1.3031686096009143,179.367178491266,9.255883002547284
9.262993439167504,6.311542621585993,5.540351266621046,10580.766752651347,179.0908762145917
0.9651557070909289,9.37745014099924,4.782555939331386,91.23256854764976,119.0558867377961
6.6041334739892825,9.191683876764712,1.6965340345474744,822.3130955372316,15.781927141966008
0.029798756769695567,3.1552130287814615,5.62445812026356,10.912026557525328,177.15686037933594
9.849780318628367,9.86421732956083,2.910137238495217,19050.7540025075,36.93372221193636
5.688420123980978,5.054506954945406,2.0753997916104003,321.98420196025734,15.7283804413989
4.215591092616129,9.558719044785807,5.956310426580772,158.78417312200656,221.50114159023673
4.557651806405901,2.5456560929484295,0.27742505742469503,106.00331410002111,3.6246303206245334
6.47063742874831,9.794278496073577,7.600806566592693,741.2747229401199,450.604432092682
5.406146279118786,1.4786473942279577,0.11540242830451741,233.73608094054822,3.105525920928798
7.129376386189894,4.263342913759754,8.70037712102502,1267.491095255612,665.216215215409
5.147987552908175,5.762003694120455,2.037306381721856,205.4093835483628,15.716615468757256
7.7102646296783135,4.4496794166998965,4.666467779202671,2252.329982101733,108.2060234198173
2.2591720629078935,0.10595023373564216,4.888143127701435,10.098218590759949,118.63256817217606
3.5808445448984703,0.7695604810558809,3.561030510958271,37.01805675415675,47.01161632442394
0.22593701156629287,6.054988688163874,0.03914484997122103,62.87392526673257,4.146485197798538
3.978455754092219,7.083379064125726,7.149430763950509,104.69072848133604,373.29111478944515
1.5990158498713747,8.24726139537967,5.214519211405588,73.37698438668367,151.49167687595582
1.61078081401694,5.025840392451798,6.335189770420469,30.316525865629455,259.70887673147513
1.8613960372992655,3.4420700935827253,0.5898150265521085,19.91535443028582,4.76510748566172
2.105200665334727,4.400711646574507,6.128009095392652,27.817582821128223,234.91734997507652
4.3702393037717,2.298284288613124,9.297929230982012,84.02175779980881,808.0050353073862
7.25793943181721,6.962889781327952,6.400737078098535,1468.807204655066,271.6164898951791
9.695550360855705,6.550708717792823,1.565968108479272,16289.348407175747,12.485392465360126
8.923695595895463,8.882679248920342,4.413107979469036,7586.192376130497,97.25127698061186
6.488719560095252,4.775783258145751,1.3417128867995287,680.5711581946885,9.539094141292878
8.83710424257029,0.07211612054427108,2.144993496011909,6885.483746723873,12.258150032275063
0.575177350878201,4.376462036542149,5.2905078878884835,20.860099657855567,151.84314934711819
9.673824724826135,8.844098190219459,7.823588959769711,15975.273161747999,488.94907935823153
0.26237141248035334,1.3105524834715876,7.306172313190231,3.246417434215654,390.35820067432826
5.549676222990775,1.2438574690485027,9.63521922770032,259.4466279641165,897.9898241486463
3.4247369462569432,2.179051617334312,0.8376633646144405,36.668425181505604,4.1906046366442435
9.938746938488665,5.981305870321822,6.025179412417395,20753.03885013355,227.0738160550089
5.604180988968118,0.666859934922337,1.7578378946424722,272.5416184492436,8.088019208496512
9.219323357246974,8.546775350072322,5.2623334099631505,10163.407813567195,157.51307656075872
2.0061061522809576,8.799037328620148,0.4947758491385956,86.82419833040825,9.975633093286095
3.383670852645271,0.6719007433045388,4.512752239739499,30.09765361224992,93.41103221935656
7.381327455229274,1.1384556893431208,5.558243258347719,1607.0522149190972,175.22603866676369
2.412290513565567,9.041642134486423,7.5637418892877495,92.52080714600783,443.043885843594
7.307656526866893,3.5059215458166824,6.474630685622488,1503.8895760019122,277.4920843069679
3.521637422034094,3.153225975255144,5.268188369119448,43.242758949067316,150.30710220516292
5.139935967489302,3.7334277906011293,3.525306529135551,186.09880303916418,49.88565393378174
3.5970835170906423,8.836351039708314,1.6688967684965583,115.79023377632838,14.080674256487073
9.702999669095533,1.828747561392472,1.0221804016199876,16371.298096065591,5.257139990944903
6.5075958105824485,8.152560912480947,6.326332146518034,737.4106701351917,262.9672080986847
0.3012875885792554,8.283393143313857,3.4218848267629385,69.85698220117906,47.004245366604174
7.7957068383547545,1.4811782531281426,8.800125881792166,2432.8030820335653,684.8515803705128
1.8361636737986597,8.584427576179767,3.1076885717594296,80.34456214114873,38.651890295495654
6.566533194064342,5.353202085003854,3.8705728894972236,739.2181680233958,65.7368862551438
4.855388744220784,1.373823314535324,5.281846045605891,130.54948706551042,150.4927803267846
4.057494077864129,9.194785197042854,9.8906362233658,143.336488987801,978.0020610682537
0.6837137678402216,7.751363435594406,1.625449000667647,62.93890175859515,11.885023750437794
6.209713788256605,2.647220532955832,7.293814649499538,504.43278740211366,392.61828147376025
5.850869234537423,1.9992899462868086,5.030825243260803,352.1054712041606,131.17863418259174
6.593787523815338,5.660008045690386,7.987690775502697,762.8797419781768,517.6859798690592
2.713202460125015,2.2001483617832838,0.1529579679363502,25.864535335914834,2.3273314848444184
8.508647507824694,5.898778895211012,0.9903859424874839,4993.389022273615,8.530751089543617
5.638621533562871,4.440107042517656,2.0121133219100407,302.29994794213275,15.16859049607491
6.351567103711128,7.538481463513706,0.7493094656506516,632.020508757616,9.484404188427643
1.312848374098874,4.06510953347513,0.0412437331943194,44.75789536268042,4.410731709996696
0.07198485623645445,9.378647161103634,5.688348600184274,89.9467009257104,191.2300826631235
3.9451797006924605,9.034959300729497,3.5381087241029974,133.38942859369573,55.25689479526972
7.569960803510107,7.06348706810375,6.889431839207889,1988.967501964073,335.7309491301194
3.3851812197361575,6.682554604469155,1.338084416425901,75.1799537508962,11.530409689013311
2.780765930733471,5.141344975250242,7.479663923149312,42.86295711340919,424.75858667029064
6.871671375109312,6.867239256360156,4.793057428258223,1012.0462317463509,119.34816592045823
4.80502610341139,5.57357968693081,4.834783606361074,152.67980236172374,119.88253999963302
8.168787811751297,4.2985783687541765,0.5456288409665422,3549.0021917746185,6.650917164543553
9.342265105534564,8.412909295083487,1.7815606493168867,11480.549158056438,16.752035398774833
3.701916142673465,4.728668914860668,7.0519125509528315,62.44370583491941,357.80737604692797
1.5608157205621453,8.179237984869141,8.96079142919004,71.80581163959327,728.737958214463
7.284355920341559,5.612347049462064,7.635136938148951,1488.783752358175,452.8332848606402
5.577420044432526,2.519870957908422,3.104936050506635,270.60576372080453,33.58313744040583
8.14243113832249,2.9009607349871382,4.32239743638795,3445.7791397192636,86.3092070121014
8.303972551126048,1.9494280288876231,2.1698785033434564,4043.1002093094166,14.310405785825148
6.785260403239183,8.722852090080764,6.992871187258029,960.8017242097199,352.6924030888511
2.53480977313832,7.096477859922721,7.633556016047624,62.7875838181579,452.147610915575
0.43011836220763655,9.195806617904642,8.69492403096722,86.01238759818081,665.8782586003653
4.708482790775853,4.590235088476014,1.1736475121331003,133.27873553092255,7.622942284231213
0.9533656592603335,5.7264937337863575,2.367993258931005,35.42571832194573,18.551233257956255
2.4875962868033383,6.9799981984935835,2.4363569803922047,61.08744974226482,22.09786566387248
9.053813653254881,8.384879278312663,8.694182652540455,8621.615475428385,667.604865184398
4.882326489343404,8.547335188203219,6.112483985874965,205.0418758131502,238.40992838672813
6.510213071802635,9.306995098365647,4.680149653462683,758.5752209607083,114.48438601278929
0.9519942598009601,7.269268977828918,2.5965600792401977,56.00366517322098,24.613844308941452
4.152082729166191,4.633791266767506,8.637882919872125,85.44995108252482,650.2007819706314
0.1489652628081417,1.7251299109260876,0.2093686296481767,8.711784603666704,0.26335549931806407
8.024973332143459,5.964491717959326,7.551993449757456,3091.7749823519175,438.9524173212323
0.5476663705998164,0.9297946192204642,5.320560027296332,2.3384614608682317,150.89940518659225
5.498788757778054,3.9497542041464895,1.7149508643840228,260.70877654070154,10.997932936623934
2.473832676018474,3.4011677760570214,5.313165559378463,24.929768567780183,154.84659614687635
1.4792392516975506,3.9133238156564554,8.909036027213086,20.144845837694323,711.5681468668249
2.0632417370330502,3.1374915065642615,4.324646941165536,17.46716835025373,84.53597054008415
1.9974416747556123,6.853124387314594,3.931588013755923,54.13122283327488,68.27319851955797
4.916423064372482,5.689333163970063,4.971400471612421,168.7837467859461,129.49064593522905
3.046603888151332,4.699046947461571,9.912831040750785,42.03808483330533,979.6150724096583
8.7007924013852,9.002210188664783,7.732607672686527,6089.027001247273,473.3813166884042
9.4494147116084,0.09048255102398373,2.4423725412624386,12700.867571312865,17.706205123017682
8.490649777238628,3.5025898045860435,9.81703585784922,4881.379198314996,951.1468685293629
2.780965718239232,8.182803052563052,1.6165793239881765,84.5344775168628,13.486621020623106
0.7186423335589187,7.864693991803574,4.350221950529059,64.41462093982432,89.32053900052374
0.5186522106100633,0.5096885377483951,7.951571598079614,1.4727056458842378,501.3061760575568
4.386305164363162,3.839561393219678,5.324911517951576,94.63589634573269,155.9814927615378
1.5748343855811253,6.037581256323539,1.3332592068730431,41.58616766736199,9.185526883438698
5.3750012310785165,2.8592432691559697,8.923070919036356,223.64294989618256,714.5334850239409
7.0962101393533485,4.130424387874041,6.2918423029338655,1224.1400707880837,254.84015867476282
6.714094739286082,3.889135409255392,1.6747484104154986,839.817355303765,10.945823032725032
2.6039978682425966,4.490103025484369,0.9572013828090242,34.65041905997531,6.270622127375697
8.421694146547537,0.3422227059742666,9.452769802238537,4544.509534817715,847.0035536551507
3.12641871405258,2.024354094933707,0.5273159365534741,29.491464435726076,3.9370795184481047
0.7260383231331635,4.600790378714548,2.6198472696453123,22.927531551131807,22.023825270320387
6.274888132486797,8.223900124237005,4.384002960629122,597.9847974885273,94.34621167931395
8.675888976398893,1.6024005439887112,8.52430089463429,5862.499012052916,623.7690062193808
0.60041984889461,6.083880871268933,8.108033184838515,39.30009719110307,538.760228072519
2.6045598784145554,7.636772629570422,2.2490459096225046,72.25080358727726,20.644577891896684
2.0927882091330785,3.5955803942941023,8.925432027865126,20.834348845882815,715.6678367298583
8.917255284770398,9.372457628636692,9.062947718556947,7547.607288105342,757.0620457436211
9.166795529827626,8.553575440065192,6.662352860986847,9647.510997020023,307.1913575521176
7.509576526557264,2.6413780315385527,8.659141952098238,1833.398118493625,653.9413026273796
3.9471143201020684,7.567141430743999,2.365447709173586,110.91698880097401,21.986918755449057
0.0051760328310768156,0.4681205439617553,5.3990766740721945,1.4515838249441535,152.7026797906509
3.7722249398107586,5.242328238377706,3.5025871325641544,72.10452256093076,48.81620010410051
1.2509950140816772,4.3967913135244405,9.881045818079755,22.663291498373233,969.0261662235782
2.360287301918338,2.1357425314451737,5.781708423089315,15.568264197093262,197.0758883457365
2.696315452723461,3.311122075147168,8.509423448760794,24.912088628589206,619.9237992799438
5.802953555564572,4.602163222388549,8.747783582343391,352.46292565728646,675.1693593128098
4.873562251316664,3.664096796963341,6.824317065463713,144.63454303757877,323.1261929431115
5.002751624671039,8.878968551822746,1.5691011500604979,228.37081916325192,13.622564078631422
8.157700153717096,6.607983900978608,6.203828415878318,3533.523051867164,247.57814097683064
4.601232897900919,4.431647791470038,7.358485490289151,119.79827047362105,404.5970726820385
4.867805344904463,0.3949274251785684,8.5796950009715,130.67647382150358,634.1722375172785
0.24928171119868003,2.39916281959492,3.212699400316561,7.229745440580335,34.171799855823096
1.4838503086705868,1.3988463296515707,2.5929963747491103,6.465356215083962,20.03785150179624
1.7790688941338861,3.7559231448387753,4.911021509419665,19.906506914301033,122.95405092802913
1.0951763487620225,2.502683988034061,8.482130213728334,9.381842029198937,613.2166121713772
3.3627815122158022,9.749761919545,0.1776005509374845,129.67424000016933,11.344314896600066
9.862984221987913,0.3057842580074732,7.86645190192254,19207.085686514427,488.623828814478
3.230202448159669,0.2631706185349869,3.350419224189911,25.206904562924862,39.042797531293196
0.46568065152745586,8.534686574712671,4.291707970944991,75.55842790209522,86.44545255156636
5.764788876781269,2.144460609092582,1.8197529647464117,324.3307975634217,10.23381530399636
7.07099384802091,4.581430478511805,4.983183210807699,1198.3066398502683,129.6971791613536
4.29497306512126,6.047014078322226,0.9444136913616441,111.3598004303199,7.898263584037286
4.523157277869946,1.060409494319079,0.9391872700657944,93.81779856654417,2.4902369643990836
0.9355226620852353,3.64247782351136,0.7071375157692295,17.641697084474043,3.785786221437661
3.6273862733377205,8.588720439137505,9.869134482885523,110.76769780435208,971.1321419326264
2.108499663900777,8.263651303299707,8.077285632575013,76.92126929598312,536.0353976848877
7.26198101703897,6.785597348850684,9.436321523773763,1470.6398030823254,848.5221838754721
5.526815861766156,7.770190373470097,8.02571085667169,311.99070359801505,525.6172915109787
7.880079952320228,5.484092321123931,8.181302564456317,2674.0983151759847,555.1966453303415
1.5808705925685973,7.900422289087424,6.940436088689715,67.73168413831361,343.3090854887754
8.258005351907338,5.621394344625084,9.847170568861301,3890.218873450325,962.601291264227
5.556443798126081,6.122147974856816,4.157809664241828,297.2713745959474,80.72390216156593
3.4858614772346517,6.906627418236183,9.590063216537208,80.56528733198198,889.7601107572461
8.502478490717113,9.350770374829779,3.530633370659917,5014.9977284087345,54.83009738776964
4.692912877265885,1.424795973913262,3.790067350634451,111.75701199757799,57.58176717094911
6.444515032592843,9.887422281091613,0.33058571694192684,729.6298433479913,11.555831844567384
0.45057264397457497,1.9951227450384978,3.9792548666014693,5.444705691593105,64.20773355565353
6.07631418011991,2.5546567389755257,3.6368480423648544,442.5497254837695,52.204674077835115
5.022154983435858,6.610760431238598,9.441579965608474,195.75101087854284,849.0953197823926
9.051593079807244,8.23269220565777,8.059422204218585,8599.730662089463,534.4202414487202
0.6555368002349293,0.11455483658188603,3.927268650473356,2.331071139773112,59.66691749578698
8.656257379314832,3.4720299111582964,8.42904573606703,5757.911264918523,605.1050377122897
7.152406402861925,8.883818406574754,5.923083225425975,1356.0441902556606,218.81553427981518
3.4045527888570737,8.335544638886175,5.3663546044190715,99.43277323482093,163.9032311281031
4.479220319825403,2.198202857692558,0.16326694402306163,99.3382306816986,3.9678231281658407
6.63299053316499,8.843774298009937,2.8501110644578223,838.7323108086233,34.98697313731886
7.14878394015638,2.88231155146929,7.726368165024247,1281.3350925934512,466.2673781208554
5.596870677191784,1.9760941370645113,4.582650810273573,273.943425243259,100.5090629996066
3.2956890141369852,0.8762932970869441,0.7969104840501529,29.430563587928724,2.6094847577455487
8.097016725452345,3.311579184190486,8.041843784245685,3295.914752563008,524.9611089280347
6.635407710658238,2.8409031419857325,9.743143415180695,769.8249606566246,928.5232992776466
5.8327122917232765,8.176664272955055,4.13380689000186,408.404571809639,80.21274721535111
1.413498551864305,2.560904645822074,1.995380863934626,10.579052184583814,10.464906469390419
0.47704719476815205,1.3228165254247082,1.8536565836593966,3.3035720374224344,7.111076260552884
4.645139455502049,0.9729998879257562,3.366626152087729,105.16984129525973,40.850591709250125
8.43200839820727,3.980732564833959,1.8033683315389903,4607.736221197889,11.950305720308103
3.0579266277764283,6.911672494032728,7.510173896033171,69.09436958639706,432.624616572801
3.550543456133691,9.821171935543635,9.836031154170975,131.31233340058003,962.7007339832368
1.598636652631824,9.172692798381956,5.557539582329561,88.91384359292249,180.59065417749295
5.102730303472633,0.9003785455999935,4.281580940823413,165.4772673626149,80.48994096218405
9.895285158044867,9.049287296681662,6.333382862162445,19918.30256281427,265.12140373354515
3.297917958373003,0.2801388007452599,6.972696952102,27.597624089949345,340.3693264631713
8.773718889283137,7.978809142595502,5.869762310760072,6525.670323619782,212.6076182964395
0.40468382479273757,0.7831413686218391,8.139869436363876,3.0524233683235513,539.0743221732101
5.651681627064082,3.2552864722208152,6.188661552695285,294.8849023533983,241.88749923238464
9.114033292081391,9.787549158035688,7.087625673291385,9178.141516365702,368.0117174475585
5.7295053769217095,6.942177084777947,6.7841574329894545,356.29979804831606,321.02109313677164
9.976073948272552,8.860697868742871,8.773766757954402,21583.854180290822,686.7444517971622
2.7434948110249313,8.33873078690088,9.928689139508013,84.29700986409473,989.1741262442805
2.753114760741495,8.18327658215097,9.922779500205394,82.07618554261481,986.6558376981748
3.4095536039937366,2.2697416052155073,1.444487144719323,36.619679957151696,7.2190031661060985
0.6055865261085347,6.629414704878004,1.3620032170549035,46.38505318313544,8.83913767532599
8.164284327909026,0.5816265874254978,4.167559257280295,3513.752879490982,75.04206824263201
3.5363469884386745,8.669610396438541,3.8281961723148736,110.2411453479247,65.49106799805686
2.1319196757622705,6.611009335650428,2.1129787827896296,52.00360237202365,16.257257062322125
2.4287583530094956,5.549283619158931,3.961822690117055,42.39137106432659,68.18331743185858
2.9846102618166457,0.9724755191081269,1.415142681923165,21.376077990498167,4.9550687523122114
9.203508828603997,8.381336578335345,0.18819515318853508,10007.649626797604,10.075982251476734
3.1998953965098718,4.764800380765005,8.050389044421769,47.36714822765872,527.8812560171555
8.694075903894374,7.158060161696885,9.947577151321278,6018.300663153484,993.8972166550259
2.6406914204499454,2.5457948302634223,8.10748628485433,21.10391181903776,536.2468387819202
8.583684319390516,7.408399327949546,7.475483381159823,5398.880185350276,428.04655060933
5.9067303271825615,2.408156968978602,1.9505985527148373,374.52821598220595,11.088829191276941
3.076697876880546,0.3934305244120584,2.1826133756454604,23.02792491367545,12.181266454340335
7.904879361500216,5.574775679851356,9.642276887054521,2742.0363519949187,904.1840603062
8.696306415028035,3.233444626088302,4.9261851286959635,5991.441062482427,124.65296989008785
3.942393902078,8.8471466031376,0.22305791274345066,134.5292732034975,10.024517414350287
4.597691802308321,8.598505651922627,1.974885311571677,173.2981450342451,17.705655063000563
6.370098626110793,5.893181737415119,0.98598199280857,620.5552324808709,7.808745377056415
0.3805297252733486,4.751696004295551,6.398471413434823,24.72067179201291,264.9135996935725
8.059297989137436,2.3923228225389535,9.703516404733527,3169.834010447772,917.491695935027
9.690304429085865,3.8809213831583813,1.4879314550074862,16176.055941002714,9.44118869632253
8.609747692990332,1.079386792440532,5.9640909723054,5486.324775621453,215.96630786107397
7.831453776459321,5.685425220442371,7.383085809040681,2551.1075576288913,410.4308270897671
8.931552423495418,5.021552373354589,1.7002474273692514,7593.637636858159,13.020333767238599
8.859799729479501,7.131246366293932,7.853334774773401,7093.878881481159,493.74304617354977
9.009251215979127,1.2858004188892147,0.2969095451823889,8183.225390812933,3.1805025647652214
8.759542455019105,0.29069441457488576,5.9081062950873475,6371.818551175032,208.0914585797501
4.040155279129954,8.699760056599139,4.900645183602201,133.09489788400433,128.0285022111373
1.3416781254607324,0.899576495071156,4.266579373472594,4.448463404239466,77.53597349586096
8.14849463483,7.907840866319687,8.444269217978949,3520.7056586913263,611.6442577020273
7.8474256479071025,7.342052113329233,3.51011719934065,2612.765279652965,53.31537227869724
6.925878920461921,3.8225534680449282,0.4454890419853097,1035.7336043253886,6.117967012044379
3.8813230946834585,4.203471900234746,6.367470115527388,65.43145605344148,263.72246163793363
3.952769264060371,0.8964774168955902,9.207627650864282,52.47349839838542,783.1973000054279
6.362067789299509,5.527974432527314,4.268336026147402,609.6159934044853,84.82115162450823
4.764913264068423,4.6916130818814175,7.512332126859199,139.41106179039738,430.1341517671688
6.657587275020175,7.179654813062154,6.939270194169249,829.805841082228,342.79938418849696
4.555174372031726,9.684204466299526,4.218114425762538,189.2761489498876,86.48428330329706
8.089223357894932,5.039886673725854,0.3008617694286786,3288.5170262661745,7.096029281329363
2.020658032901166,8.375941873803864,3.8607861286180354,78.1015290754516,66.26571224371382
7.650056197012118,0.12421131919631456,8.114191522021265,2100.2882111529825,536.2003339620762
8.578219930390782,7.180828469031772,3.8331677115308405,5366.679021972635,65.45907583543458
7.361565234601029,6.263962834559362,3.032121543875527,1613.8194842522478,35.42777186588199
8.254019930095977,6.626199663673598,4.491852070589707,3887.683524734456,99.40866700674185
8.451633344005163,9.756027738312378,3.1508318409535385,4778.854358068074,43.4896218593479
1.3906528838782972,2.1545493349182268,8.944179020796962,9.115976240980533,718.2123380761683
0.052276981231696995,4.931381484262772,1.7748420005466503,26.883442829457525,8.083935393921779
0.4479461248722971,5.466337410942462,3.151391137056404,32.2368753457267,35.78457641815352
7.823382002103214,5.984151443256195,5.943539627320732,2533.848909672898,218.37600658334597
7.587871833127785,3.3654648276447077,2.474063837095656,1986.007216789264,20.670362928210746
0.587956482281401,3.328421021174001,9.959028962256276,12.426442042260259,990.3095388328333
0.3198390915516358,6.542309037189591,1.7330628406950999,44.784334851190074,10.71516286421149
6.094117067638699,8.761261430674912,3.815895151375217,520.3257448863374,66.30493921834272
6.438540027167693,8.880404759777596,8.754914253118779,704.9521871628799,681.9577564313017
8.148114293937725,0.02723606581883531,5.021679233156232,3457.0216730982106,128.59247901651273
6.074960927539954,9.40235639199638,0.2404368943711832,528.0734302067746,11.56336370823296
7.265017759985502,7.879953672886952,4.9943572315375215,1491.6174236243342,134.6603968913091
0.249571765988591,1.8903683586081843,3.3087263832634584,4.858577584790317,36.79257526071866
4.7870436815222694,4.7908172194639045,6.33352503265503,142.8871215383959,260.58631608597375
1.9206666364400848,7.530174011616129,8.269244399944021,63.168129997521945,574.3838507647603
4.798559049298796,8.103217079005946,8.798842427569161,187.17073604362992,691.2873951376872
5.062828629041087,7.572096554405126,6.725532300804813,216.06982922926034,314.3115817190203
2.2178416489161057,6.521824066160139,0.70036131259536,52.58737378454333,8.549259781285327
0.5957048586330593,9.341105243289608,3.7524802659028,88.74699234893153,60.67879218023894
9.903542035065124,8.320617044015444,4.293905293919473,20069.691631988208,89.74173047515511
6.323244379330357,7.547294962637535,8.583919698314538,614.3836420215455,642.5275710303245
9.555488405664992,1.0260315944688758,1.6336003490294082,14124.555920178069,7.687642758157048
7.171702102798952,6.089615758895729,7.94396045413303,1339.9310032402257,509.1520018464327
1.080909346558463,4.540435029396487,1.6637760424444015,24.100288035478126,9.51320511042701
8.573438525714502,0.6758931028992987,5.959351853539625,5290.164068761118,213.81338257913396
7.636734659092249,8.836818971202977,2.2298759275054616,2151.8230100497503,20.900570905795178
8.454374576792617,7.186571594516915,1.6472305336768056,4748.2282858813505,14.341896640077564
6.318507036672133,4.765038940663382,7.57674390777563,577.6096797691653,441.7840751782065
2.2240574816191483,1.776798683959535,1.7931904691101719,12.579777440333437,8.438513067193343
6.434529810741272,3.2980735963294796,5.6073417394608605,633.9992170031704,181.13260843854206
7.088430803076827,0.32650906365837895,3.1602637625201013,1198.2655160669779,33.69555136173695
3.9802717616794956,0.6665544140462631,9.973707534908412,53.80531389030465,994.6390484519537
9.501058768812822,2.2543169106844205,3.7005004507174197,13379.022331832986,56.262574327509455
8.030905860841994,7.8974956557936675,5.966768233384948,3136.6828671807993,222.0609743052115
2.4584958528613186,5.9071814150617366,7.99637211038502,45.454011820696685,518.678849947024
0.004222814329465363,1.423868188741907,3.0393564689975006,3.792899623834212,23.858781596306837
9.857759149084247,5.1106138723113235,4.279631188219666,19133.582562612955,86.74642751263818
8.07455110697578,1.086954087231986,3.1604949065995425,3213.49541256285,34.92929971277261
8.851358855369813,1.3258435912477828,3.5789067573423896,6985.427699586865,49.16776968617883
8.282232862061523,8.319271818046127,9.333937687920132,4022.5631481899964,824.0024202755235
3.6090248555045337,6.488370072099121,3.761394459015336,79.91738371770656,61.2749736107257
1.8047154180672453,5.247913351008161,8.958087984520576,34.24409280673659,724.6450408641157
0.34779315005683875,2.5474481416968784,1.4133082578874978,8.057207449538929,4.406176431410962
9.488155081043802,2.937842338265142,0.5122742492301358,13212.828317391926,5.198590452761216
5.305117726266606,3.0916432543257555,8.167017913191257,211.99085480037297,549.3708453392018
3.013290526372182,0.014940765046392857,5.58254132848816,19.86723951252118,174.75937202397486
4.126757862036797,2.9452585469687174,1.7102872079207865,70.91266589049903,9.869707313243898
9.10006699106232,0.5749393558121296,8.681888562194391,8956.483274623894,658.179167004681
6.200278558198306,7.0608684698626885,4.187628422343098,542.9443700945881,81.85124142658422
6.193143286311997,4.335425454519459,6.14363024911622,507.8958029231742,239.3061860913926
4.661124109456811,6.324109947815843,0.048622258998318735,165.16306856337806,6.7549277255413305
8.253342643765498,4.346857657477684,8.588338575526299,3859.61899532682,639.6608467805507
7.375149175620072,2.215554993199783,9.52067215141131,1600.6598161371555,867.1267215326902
0.1913406443223431,4.824168957304682,7.294157938179251,24.770241998009546,391.03803211638376
2.991315027663759,7.163363852581432,1.413406767188622,71.68284724421748,11.677981783007484
6.375282352303017,0.5461290680742048,1.1956480900176014,588.6284318651914,3.6203560329327096
0.6628612186876848,6.364118571857231,6.596209201591078,42.237361256525936,292.2641835236462
1.7426651389887537,3.4277037479282066,5.744016664692987,17.67755566180363,193.81008115970494
5.920859054338021,2.407654271904277,0.9274251828132796,379.78001894913405,4.9048055349977275
0.9587684007569885,3.4498148017871957,9.48933923944675,14.627249723144947,857.6732602594922
0.5070618844313446,2.7668360090566457,8.200656121977874,9.331304491459207,553.8841879236418
2.888297129651103,2.2350541329906415,5.209869664379064,23.05192351741096,143.78906905767943
9.421619810436733,7.35553742522264,6.16005048339904,12406.77733382799,243.54433665776102
9.420664529441037,7.956873056291752,3.394977355676847,12404.419150897256,48.95480485486389
2.811703691782894,6.533249222556844,7.852392015416595,59.788474172948476,490.7715549034482
5.25630959877481,9.84071131647725,7.117786478516709,288.9729404168444,372.42192803451303
4.725701677204883,5.288667271329911,9.105968850813502,140.71857326182817,761.369772102316
9.733245084141881,4.700724328949931,7.778507189360372,16891.5210168245,476.968589546878
8.880891326456158,0.6067743497080269,6.901724402286992,7194.048241781483,331.1743024521617
0.7285447981158955,9.032946155101353,2.1863099927606,83.22131520616243,19.79835999297887
4.315418231572695,5.4096901784583515,7.125143612331474,103.5726637957301,369.2048606370177
7.876662588348084,9.804600252338862,7.669824190701085,2731.733966001506,463.4873934696193
9.242485904959373,3.930909664322342,3.4913708548863545,10342.545290779442,49.27384175414601
6.201751726648079,0.4710204138750962,7.95703403863624,493.3065533097315,506.28300873964645
4.75438670667846,8.774661262034682,3.3967561396725063,193.47910084485792,49.90798444202276
4.376985684466147,3.853254590785038,5.66319529559242,94.66044235935033,187.16388239793397
8.81204752621419,5.23289016195929,6.074534371801315,6740.9249032831,231.9985304160401
6.194647582635983,8.349767932368882,8.435311656325762,559.9387326928451,610.631200304364
0.6729469340650951,2.1415880225892248,1.4092330745640835,6.375430632885948,4.200375996003084
4.212341632625606,6.406645693412342,9.138400967150947,108.0003147057267,770.1634867686138
1.8196386544550691,2.8002016454358793,8.78596771967606,13.847232775350543,682.5550701807449
6.5984355730486115,5.664722785863737,4.571314911384037,766.5440233104841,102.86214943426656
8.154455748378671,6.4516843693455925,3.3424156759341783,3520.681696885825,45.652232178443384
9.526020395802075,2.4055712281091655,5.096702957511945,13718.685153496239,137.40723014414084
0.48191126553486674,8.190568106080576,1.1005942701013283,68.28482345796188,8.200887010879317
3.129673776431682,5.632871888083352,0.8626850479918702,55.34900042450173,8.061527528657825
2.4189787075439795,3.6167777112658026,7.722963594585891,23.19199375663155,464.902284917203
5.173008456180969,5.019626622972143,0.4331724647057822,205.17054883239544,6.338171770414666
7.024750650581625,7.7338802804413564,1.3208269899610525,1183.8222422208034,12.310287614077492
4.347816579921238,8.016029341903668,5.878363991742123,141.22165668634037,212.71204908943253
2.329348767856023,8.686764293818786,4.728393035616629,86.18345619641174,115.15251735435406
4.977612735971878,4.9200461690751265,8.69960140061766,169.02496897919488,665.0922954118819
4.523155269923142,0.40984907821914107,9.013996638582892,92.86714132704097,734.9087356278304
2.2613481718993125,6.904700890981762,8.610738183218478,57.09081644584587,645.6789377411229
1.1371898335320407,6.386272653771376,4.106116320638136,43.81099300989374,75.14437636683591
8.924066398570071,6.305073536842557,2.8110698747931706,7550.299132834394,30.53454750891025
7.52718385695406,5.925483419438368,4.0227890067862155,1892.388607381692,72.65265751597673
2.33348481968246,8.456927054684408,0.03542583309734115,109.93017246614714,10.164020750754743
0.6108317250183259,7.0945827207478205,5.147044440475012,52.85219692575879,142.88592472306712
9.747242215538721,7.9471313983273415,2.9722562626575177,17170.521709366174,36.262308537151625
4.947048756445308,3.5663371361633,7.457945262053281,154.13068991510292,419.8906675912541
5.625055826842144,8.344558191482314,6.7124638675961705,346.53616269768264,312.58333252737367
3.5709389968291494,8.050321651858173,3.9087948796575533,100.82846594058479,68.36044083951293
3.126430025125776,8.887572783457188,1.880114484032156,102.3275467866823,17.100018000204905
5.743080208803828,6.121677419397399,0.9441949732381882,349.0528373093745,8.850217678071814
0.3529496806321064,0.5196409526023738,9.197694225095535,2.722319092951113,778.0163026063473
5.579890192508062,7.13587543040731,8.196029944554649,315.4792880507592,559.1596708025562
4.8733735778065,0.8408524383068849,1.5369023181085328,132.80200538288176,5.976626881429072
4.169245776115105,6.056159010314009,6.179176117035924,101.25549805098494,243.0038749032335
1.1152733624077171,1.567127020723309,9.521378679056618,4.883474995115201,864.2836011751264
9.490522511934966,2.3434524650907407,1.043495523604837,13240.517800627133,6.224832985257231
9.659578785176349,3.175407353901578,0.6636198411001293,15682.863791573425,6.021519889326181
5.3693332535830764,2.8998127235066806,6.703846203883269,223.59480865187928,306.6597323587822
7.345305024729768,7.468264343463979,3.477291527035332,1605.402896032664,50.4198598777652
9.899029362931895,3.6743659435918072,2.4859533852330538,19925.20118610369,21.89681027215036
9.233592659826861,7.378326946647832,1.5807691642931265,10290.354787019245,13.960964707667738
6.226742664601109,2.5968025362211944,8.928766426510034,512.1112616505694,716.2951535373636
9.185057639322649,5.206087586158647,3.281589871388081,9778.602120773743,43.16886342385439
6.835816645858439,5.397000064696752,1.3585348975881506,961.4762779280544,10.276768133056489
4.548737804533069,7.372995349717987,0.06410384622432264,163.79624860950918,8.775868640007902
4.557738802746465,1.2626668570579613,2.6642927550614983,97.33605122823332,21.880212047631304
4.569521312999365,3.812031608195724,3.49695729655871,111.3381307026624,48.08794171948099
4.035766494316951,3.888444693431624,6.375428782881519,71.73485905191039,264.56161350487616
7.593222507053734,6.740561101942396,0.07095020851107581,2043.5593600602806,7.914964044435989
1.7711018989708038,2.5338301986991842,3.26662874386499,12.632625553114678,37.817902497478876
3.47104527162281,4.294865677272108,6.17257152891521,50.6280144664126,241.0678797985665
4.1698917539685745,1.8547250220884737,4.936265024190508,67.95848109576092,123.78565558617521
1.9154966932241035,7.756978039231659,4.339834102685445,67.66750971341405,90.40122284183813
8.026368626988457,7.742893114120824,0.6807868738419509,3120.840205328439,8.866002639088283
3.233841597616469,0.5431832033655015,7.726867324309675,26.763860157508454,462.2466807940046
8.565289314568702,2.8025314776163093,6.304165413251779,5254.47577263516,255.00835458942953
4.793187654440305,9.532751476783003,0.8579862446305964,212.41616067230473,12.081705381284763
5.742645048860857,9.374384506367164,4.22646495269836,398.9773815655836,86.26855735763282
7.258639258058518,5.009196244888502,2.8997743754950847,1445.4793118175342,32.37267172386303
4.363584497100423,2.0424107025663565,6.561905837149568,82.78410254862543,286.93126189535246
0.7279304662931751,9.208358178057026,7.1593225846406465,87.46129956597657,375.32659863421503
7.078846167817664,3.3245941752359407,0.6542705867348497,1199.4555784950396,5.321748581929758
1.2069777702355367,0.7363870166084552,3.1548683679700993,4.1758763851095715,33.02219311895963
4.4560168802155475,8.435943085179037,6.109277169022885,157.24421212404027,237.65585013854232
0.5370353806443817,9.267550537302299,4.253466068238621,87.62002499123395,86.12840957284833
5.105632912537622,9.168907724255464,9.36379153071665,249.84140313372015,831.7066763510211
3.7307987301032153,5.738565862638968,5.924816172147613,74.65587034111377,214.91892379580972
8.293635218044018,0.1896192591494339,8.680046389599191,3998.523264994729,656.4134393636974
6.524974485197529,6.524533825379036,0.5774321220731216,727.3368525295724,8.784150748238256
0.84713813714278,3.6866306929184987,1.9342591853654112,16.217674298396304,10.966330346976106
1.0725464236223348,8.632211431622993,0.38604009353911617,79.47775635781647,8.203943858849762
0.8830426720564288,0.44272173216825195,8.269287220273302,2.5203850202179647,566.4459875497137
3.032277645157375,6.898303141721158,4.537031187894835,68.5112340663751,101.26036208489937
5.905880077632983,6.453636997862967,5.949384054072032,409.96800426972504,218.80342912949737
0.7719921776744587,1.9343287780036877,1.2523590986163569,7.515380213507685,3.261104679964909
6.68120528757809,2.4062544675138064,7.555862302359616,802.9336745235883,435.6737595031099
1.1808112265020942,6.89570333982585,6.720538320478933,50.45816994141695,311.0363305264327
1.347927635866607,1.5465907211359498,5.705044493491282,5.7897182912089455,186.84351101742675
0.26070189054121395,8.855866704188864,1.1484631639136533,81.27500783528545,8.950292238211818
8.34602516617145,3.741403883532044,7.044899636886327,4227.3426418380795,355.87064685573233
8.60860707940509,6.9732712051796595,0.36004340760585674,5531.360944670566,8.64238876957551
9.268284399737999,3.548739083862311,2.6117582925412797,10608.626993913158,23.828565824240965
1.8633081915793681,6.38407879593127,6.602688059220542,46.87686662246452,293.98427381714987
7.9063136564448975,5.41979526069973,0.5059508747523789,2745.936218331414,7.809953960870415
6.757163481435283,9.481690218821807,3.1822933431557567,950.3612533170067,44.04996308870869
0.11297267144606771,6.272505245055013,7.226944733960602,40.651901766623475,380.9456467860744
8.475724124140465,3.6772676272233196,2.599989874601889,4811.381486716739,23.31376528167289
3.467479790982014,7.591864754862264,1.7708931328303013,90.94028614763099,13.805818751688108
1.8336292370138896,6.873908502367131,7.877803159015269,53.75997348120551,495.75493443794056
9.839559527232563,1.847881671099908,4.4989969014852225,18763.79170575266,95.4846776963809
3.1595881915584414,6.94904283402196,1.3075786276981682,72.34252411585025,10.97519266785083
0.23248240662811503,4.780881833092182,7.085338045573732,23.622675828654543,359.4069195608721
2.495619594488944,3.2412903616040403,7.324814530781083,22.19308460632977,397.2880040440065
5.219941931889723,6.446065331300569,4.212930933074057,226.35488493962194,83.43518486369926
4.666540165135155,8.799157270265988,0.8120712083082482,185.0102046217841,11.64047805042758
2.750835504096243,3.4040006157807867,2.685788474398314,28.20103962081661,23.57373236475518
4.880888064372151,1.4819049613411783,9.749255085101016,134.04746611889377,929.1409801580965
6.156243467711562,1.710298515111901,5.820093334847909,474.87601159198965,199.3904181273031
9.595503681338148,3.126873935186867,1.5228332640299302,14708.459975051945,8.86336998657859
8.872114143191935,5.406870393252959,8.71618059723643,7159.700579376004,669.2707826151033
5.175586582546346,3.6706447917908624,7.891630618543437,189.88082312562778,495.9824617054454
2.432112392713627,8.635569486851628,4.622874422728319,85.51749472575405,108.26372728202834
6.169719160533336,4.209138893265186,1.8676502335159095,496.5547191206548,12.571387041474974
4.0051125475166955,9.554476274557969,0.739910209553547,146.61739781053805,11.252358864531066
8.823567556724946,6.706024857673044,2.957274804668347,6838.281324904018,34.6962275993132
2.375684031682981,9.064615420962534,5.27557185526887,93.29468938224475,155.5322853700927
3.9579543895309586,3.2721395396996913,2.88325310732196,63.76303434609301,28.43250410331951
7.901229276447825,5.518679575210093,5.859319908758929,2730.94287933594,208.58500242472988
4.4931008055116175,9.270369633782611,1.4985426452486394,175.99351504701593,13.718009666038023
2.3488404084959793,7.8655757693129615,8.126581534384925,72.90891324289883,544.9873025207361
6.193260420964636,9.959425775587912,3.4206073216062105,589.3957417404606,51.49564962646801
0.5250099557006371,3.0891141423580737,1.6348963394440663,12.367213400851277,6.495347982596032
4.051190600037902,8.368302183864834,4.177845047819281,128.38347656867603,82.35045787285134
1.8295875143636842,6.160758502827725,8.329092625704503,44.40740436078965,584.4862411757548
4.0947955351966,2.7749873075123253,4.870576001472342,67.30909256694946,119.37407692004854
1.2409761918062434,9.914079391540657,7.4797337550638785,101.84898509872757,428.5458990180628
5.84894751187767,5.06209234603955,9.96518031493942,372.6320520570788,996.2217978065847
4.22644383360216,4.646168759473053,2.044419715484497,89.9857545187487,13.855781917364757
2.376323268426077,6.2302862937541565,7.186008710064071,49.75052652333086,377.38165103159946
3.324687927954757,6.531246462389566,9.290449837422141,69.7691508654603,809.2960871177437
0.47293037621813694,5.435533115864224,3.838261130969054,30.594236182401954,61.304761500094855
7.352042563045545,4.891162769337253,7.864935148777157,1583.7074174634743,492.3549976711777
7.287407382881924,1.63840422617185,1.5089460836999136,1464.8080745204663,7.079619142979289
6.658781358805821,8.763518407274713,0.25638752889660665,860.2346078131246,11.247153841779124
9.922620289778356,2.027634497956019,2.11325365057062,20390.660348401398,14.790657550822239
8.891563137029216,3.632983892161162,9.572308619854557,7283.049284188843,882.5521579333889
5.869789034114148,2.65828070174189,6.218817301521923,361.1177420099567,245.29990619947947
0.7944025522240583,9.994820852075417,6.995822224790973,101.59480928359497,351.99405183174423
1.1140159036438912,4.689582501860197,0.15808206966561045,30.306968001315045,4.4995715738699955
5.826428752850212,1.428852363054831,0.12361539466236748,348.33871674372625,2.37832591238097
1.5852649952984355,8.435017793554064,9.140503447970872,76.60926824109603,772.7992532529059
1.0252420994377132,0.6786215639852122,9.443771004060196,3.544883543810601,844.0471776348217
2.1705894906973313,2.883291547060768,2.656767597147014,17.595387781924657,21.301846887210495
3.4763937614876914,1.3657673326294106,8.599379575090683,34.43355347920467,637.7023778445208
6.874661511746255,2.1108598128807934,5.809982433037838,972.1618609663201,200.04725986081644
5.697496782311796,5.869047501825685,9.108514210894624,332.74384011242375,763.3377318252067
9.579870775164816,8.061866732609,6.000251733867871,14534.587308332035,225.27177333374223
5.9772234347210995,4.342877404537865,7.144420492406637,412.7407354525528,370.86517677255216
4.112325879350589,8.011912471888671,9.884374040201024,124.3722359086279,975.8583629402326
8.81639645081611,8.559214915812685,6.6819821438317675,6816.9265772262825,308.6113730893862
0.5142133601990218,3.681067024799284,5.513573833235224,15.54777505718001,170.55900347508248
5.73470657736663,9.44920469664407,9.306346417783676,398.39771631557164,815.8437897731451
3.7844428921592907,2.9616755868894353,4.63026561268329,52.99170621548158,103.94512171198197
4.205993378705126,6.889683710586646,5.4281802580858365,114.84203551951347,167.92647299643102
3.9787415801391557,5.529854344937895,6.408459569528145,83.96412985672733,270.9035706637362
9.651435791712403,0.431959063306383,4.941528768591609,15544.718085810138,122.5676207350546
3.156186931622129,5.146322434160595,1.8214821791480418,51.03205679323539,11.699400703697163
